epoch,train_loss,train_eval_loss,train_accuracy,validation_loss,validation_accuracy,gap,train_seconds,lr,method,seed,schedule,max_lr,start_lr,weight_decay,three_phase,pct_start
1,1.6303934027777778,1.3380083984375,51.34,1.33063515625,52.56,-0.0073732421874999,7.646847752039321,0.0415459815846311,1cycle peak=0.2 wd=0.0001,17,onecycle,0.2,0.02,0.0001,True,0.4166666666666667
2,1.156259375,1.01316591796875,64.0,1.017824609375,63.76,0.00465869140625,14.432758796028793,0.0631533477321814,1cycle peak=0.2 wd=0.0001,17,onecycle,0.2,0.02,0.0001,True,0.4166666666666667
3,0.9370192708333334,0.91706376953125,67.9,0.9225240234375,68.2,0.0054602539062499,21.856856205035,0.0847607138797317,1cycle peak=0.2 wd=0.0001,17,onecycle,0.2,0.02,0.0001,True,0.4166666666666667
4,0.7957649305555555,0.8838578125,70.04,0.88881376953125,70.06,0.00495595703125,27.23129288002383,0.106368080027282,1cycle peak=0.2 wd=0.0001,17,onecycle,0.2,0.02,0.0001,True,0.4166666666666667
5,0.6913802517361111,0.94009130859375,68.98,0.9738205078125,68.44,0.0337291992187499,32.60195548599586,0.1279754461748323,1cycle peak=0.2 wd=0.0001,17,onecycle,0.2,0.02,0.0001,True,0.4166666666666667
6,0.629938671875,0.807692236328125,73.84,0.83148544921875,72.84,0.0237932128906249,39.577064016018994,0.1495828123223826,1cycle peak=0.2 wd=0.0001,17,onecycle,0.2,0.02,0.0001,True,0.4166666666666667
7,0.5778412760416667,0.548195166015625,81.12,0.56769765625,80.64,0.019502490234375,47.67569409694988,0.1711901784699329,1cycle peak=0.2 wd=0.0001,17,onecycle,0.2,0.02,0.0001,True,0.4166666666666667
8,0.5414956597222222,0.5797654296875,80.14,0.62974072265625,78.14,0.04997529296875,54.09938556491397,0.1927975446174832,1cycle peak=0.2 wd=0.0001,17,onecycle,0.2,0.02,0.0001,True,0.4166666666666667
9,0.5123915364583334,0.482552587890625,83.46,0.515507958984375,81.96,0.0329553710937499,60.82640274288133,0.1855950892349664,1cycle peak=0.2 wd=0.0001,17,onecycle,0.2,0.02,0.0001,True,0.4166666666666667
10,0.4745202690972222,0.46686494140625,84.04,0.50086591796875,82.8,0.0340009765625,66.84826887084637,0.1639877230874162,1cycle peak=0.2 wd=0.0001,17,onecycle,0.2,0.02,0.0001,True,0.4166666666666667
11,0.4489012152777777,0.635883984375,78.82,0.725064404296875,76.48,0.0891804199218749,73.17581144685391,0.1423803569398659,1cycle peak=0.2 wd=0.0001,17,onecycle,0.2,0.02,0.0001,True,0.4166666666666667
12,0.4298993923611111,0.46999267578125,84.06,0.548163427734375,81.02,0.078170751953125,79.8665843848139,0.1207729907923155,1cycle peak=0.2 wd=0.0001,17,onecycle,0.2,0.02,0.0001,True,0.4166666666666667
13,0.4077666666666666,0.45278173828125,84.8,0.50952080078125,82.56,0.0567390624999999,86.01804823975544,0.0991656246447652,1cycle peak=0.2 wd=0.0001,17,onecycle,0.2,0.02,0.0001,True,0.4166666666666667
14,0.3857553385416666,0.3694945068359375,87.8,0.43986826171875,84.64,0.0703737548828125,91.42283121566288,0.0775582584972149,1cycle peak=0.2 wd=0.0001,17,onecycle,0.2,0.02,0.0001,True,0.4166666666666667
15,0.3686408854166667,0.32507001953125,88.54,0.41781796875,85.64,0.09274794921875,97.2414546336513,0.0559508923496646,1cycle peak=0.2 wd=0.0001,17,onecycle,0.2,0.02,0.0001,True,0.4166666666666667
16,0.334495703125,0.28540146484375,90.28,0.3862478515625,87.04,0.10084638671875,102.89237779565156,0.0343435262021143,1cycle peak=0.2 wd=0.0001,17,onecycle,0.2,0.02,0.0001,True,0.4166666666666667
17,0.2979978515625,0.2274970458984375,92.3,0.349081591796875,88.0,0.1215845458984374,109.65003556967712,0.0179866874822594,1cycle peak=0.2 wd=0.0001,17,onecycle,0.2,0.02,0.0001,True,0.4166666666666667
18,0.2595078342013889,0.2140771484375,92.74,0.3402518798828125,88.7,0.1261747314453125,117.23326990462374,0.0119977916548396,1cycle peak=0.2 wd=0.0001,17,onecycle,0.2,0.02,0.0001,True,0.4166666666666667
19,0.2342386284722222,0.1608559936523437,94.62,0.298584130859375,89.78,0.1377281372070312,125.43962852563708,0.0060088958274198,1cycle peak=0.2 wd=0.0001,17,onecycle,0.2,0.02,0.0001,True,0.4166666666666667
20,0.2091489583333333,0.1512821411132812,94.98,0.29327783203125,89.74,0.1419956909179687,134.5568156016525,1.9999999999999185e-05,1cycle peak=0.2 wd=0.0001,17,onecycle,0.2,0.02,0.0001,True,0.4166666666666667
1,1.6280262152777778,1.38597998046875,50.14,1.34758828125,49.9,-0.03839169921875,9.87859663798008,0.0415459815846311,1cycle peak=0.2 wd=0.0005,17,onecycle,0.2,0.02,0.0005,True,0.4166666666666667
2,1.1465635416666666,0.984190625,65.2,0.98365908203125,65.32,-0.00053154296875,19.71373095398303,0.0631533477321814,1cycle peak=0.2 wd=0.0005,17,onecycle,0.2,0.02,0.0005,True,0.4166666666666667
3,0.9332684895833332,1.09011845703125,62.68,1.0362966796875,65.42,-0.0538217773437501,29.561783866025507,0.0847607138797317,1cycle peak=0.2 wd=0.0005,17,onecycle,0.2,0.02,0.0005,True,0.4166666666666667
4,0.80118359375,0.89119443359375,70.06,0.864990234375,70.76,-0.0262041992187499,39.340921728056855,0.106368080027282,1cycle peak=0.2 wd=0.0005,17,onecycle,0.2,0.02,0.0005,True,0.4166666666666667
5,0.7117903645833333,0.760593896484375,74.62,0.76606962890625,74.46,0.0054757324218749,49.088072236976586,0.1279754461748323,1cycle peak=0.2 wd=0.0005,17,onecycle,0.2,0.02,0.0005,True,0.4166666666666667
6,0.6646,1.2440255859375,62.2,1.24730654296875,61.56,0.0032809570312499,59.06694008002523,0.1495828123223826,1cycle peak=0.2 wd=0.0005,17,onecycle,0.2,0.02,0.0005,True,0.4166666666666667
7,0.6309397135416667,1.073066796875,67.6,1.08560517578125,67.44,0.0125383789062498,68.04219369695056,0.1711901784699329,1cycle peak=0.2 wd=0.0005,17,onecycle,0.2,0.02,0.0005,True,0.4166666666666667
8,0.6042631944444444,0.697903173828125,76.28,0.73340966796875,75.44,0.035506494140625,76.35150697093923,0.1927975446174832,1cycle peak=0.2 wd=0.0005,17,onecycle,0.2,0.02,0.0005,True,0.4166666666666667
9,0.58355625,0.621153173828125,78.76,0.645559619140625,77.96,0.0244064453125,84.97406647796743,0.1855950892349664,1cycle peak=0.2 wd=0.0005,17,onecycle,0.2,0.02,0.0005,True,0.4166666666666667
10,0.5621497829861111,0.621078369140625,79.7,0.651848095703125,79.42,0.0307697265624999,95.02688729402144,0.1639877230874162,1cycle peak=0.2 wd=0.0005,17,onecycle,0.2,0.02,0.0005,True,0.4166666666666667
11,0.5403869357638889,0.7010921875,77.9,0.71170517578125,76.8,0.01061298828125,105.19930026098154,0.1423803569398659,1cycle peak=0.2 wd=0.0005,17,onecycle,0.2,0.02,0.0005,True,0.4166666666666667
12,0.5306580295138889,0.503865576171875,82.78,0.5201142578125,81.86,0.0162486816406249,115.45253983698784,0.1207729907923155,1cycle peak=0.2 wd=0.0005,17,onecycle,0.2,0.02,0.0005,True,0.4166666666666667
13,0.5085685763888889,0.574264013671875,80.68,0.603094775390625,79.06,0.0288307617187499,125.69148739788216,0.0991656246447652,1cycle peak=0.2 wd=0.0005,17,onecycle,0.2,0.02,0.0005,True,0.4166666666666667
14,0.4891361545138888,0.548890087890625,81.42,0.572035546875,81.1,0.023145458984375,135.3503324498888,0.0775582584972149,1cycle peak=0.2 wd=0.0005,17,onecycle,0.2,0.02,0.0005,True,0.4166666666666667
15,0.4719141493055555,0.464244189453125,83.84,0.515358203125,82.32,0.051114013671875,144.92608190095052,0.0559508923496646,1cycle peak=0.2 wd=0.0005,17,onecycle,0.2,0.02,0.0005,True,0.4166666666666667
16,0.4309716145833333,0.4094527099609375,86.16,0.46238896484375,84.12,0.0529362548828125,153.8911212780513,0.0343435262021143,1cycle peak=0.2 wd=0.0005,17,onecycle,0.2,0.02,0.0005,True,0.4166666666666667
17,0.3882776475694444,0.30914140625,89.12,0.368614501953125,87.18,0.059473095703125,163.65232171909884,0.0179866874822594,1cycle peak=0.2 wd=0.0005,17,onecycle,0.2,0.02,0.0005,True,0.4166666666666667
18,0.3355876085069444,0.3043081298828125,89.68,0.38158291015625,87.06,0.0772747802734375,173.43129570607562,0.0119977916548396,1cycle peak=0.2 wd=0.0005,17,onecycle,0.2,0.02,0.0005,True,0.4166666666666667
19,0.2918613715277778,0.20847451171875,92.72,0.300243994140625,89.5,0.091769482421875,183.2828606830444,0.0060088958274198,1cycle peak=0.2 wd=0.0005,17,onecycle,0.2,0.02,0.0005,True,0.4166666666666667
20,0.2438667751736111,0.1817252685546875,93.84,0.27744287109375,90.3,0.0957176025390624,193.150867254124,1.9999999999999185e-05,1cycle peak=0.2 wd=0.0005,17,onecycle,0.2,0.02,0.0005,True,0.4166666666666667
1,1.7563369791666668,1.496354296875,45.08,1.472247265625,46.54,-0.02410703125,6.638799548032694,0.0830919631692622,1cycle peak=0.4 wd=0.0001,17,onecycle,0.4,0.04,0.0001,True,0.4166666666666667
2,1.2841600694444444,1.29262978515625,54.08,1.3112966796875,54.54,0.01866689453125,13.448351335944608,0.1263066954643628,1cycle peak=0.4 wd=0.0001,17,onecycle,0.4,0.04,0.0001,True,0.4166666666666667
3,1.0120853298611112,1.15839775390625,60.7,1.1354658203125,62.12,-0.0229319335937498,20.134085442870855,0.1695214277594634,1cycle peak=0.4 wd=0.0001,17,onecycle,0.4,0.04,0.0001,True,0.4166666666666667
4,0.8460621527777777,0.7707798828125,72.36,0.74807509765625,73.4,-0.0227047851562499,26.933933906955644,0.212736160054564,1cycle peak=0.4 wd=0.0001,17,onecycle,0.4,0.04,0.0001,True,0.4166666666666667
5,0.7262308159722223,0.688921826171875,76.12,0.70124560546875,75.4,0.012323779296875,34.249423307948746,0.2559508923496646,1cycle peak=0.4 wd=0.0001,17,onecycle,0.4,0.04,0.0001,True,0.4166666666666667
6,0.6662688802083333,0.8280451171875,73.16,0.83045068359375,73.74,0.00240556640625,42.45822502905503,0.2991656246447652,1cycle peak=0.4 wd=0.0001,17,onecycle,0.4,0.04,0.0001,True,0.4166666666666667
7,0.6152777777777778,0.599457080078125,79.18,0.61295078125,79.5,0.0134937011718749,51.29501303809229,0.3423803569398658,1cycle peak=0.4 wd=0.0001,17,onecycle,0.4,0.04,0.0001,True,0.4166666666666667
8,0.57134609375,0.5437765625,81.5,0.57456015625,80.26,0.03078359375,59.94883802800905,0.3855950892349665,1cycle peak=0.4 wd=0.0001,17,onecycle,0.4,0.04,0.0001,True,0.4166666666666667
9,0.5454102430555555,0.704801611328125,75.62,0.7289328125,75.4,0.0241312011718749,68.67890647007152,0.3711901784699329,1cycle peak=0.4 wd=0.0001,17,onecycle,0.4,0.04,0.0001,True,0.4166666666666667
10,0.5117969618055556,0.464578125,83.94,0.504020166015625,82.5,0.039442041015625,77.18857812904753,0.3279754461748324,1cycle peak=0.4 wd=0.0001,17,onecycle,0.4,0.04,0.0001,True,0.4166666666666667
11,0.4816756076388889,0.815900732421875,75.6,0.85187177734375,75.02,0.0359710449218749,82.56904248998035,0.2847607138797318,1cycle peak=0.4 wd=0.0001,17,onecycle,0.4,0.04,0.0001,True,0.4166666666666667
12,0.4644586805555555,0.43974697265625,85.06,0.5093607421875,83.0,0.06961376953125,88.00676578294951,0.2415459815846311,1cycle peak=0.4 wd=0.0001,17,onecycle,0.4,0.04,0.0001,True,0.4166666666666667
13,0.4386967447916666,0.54220458984375,82.22,0.60010263671875,80.44,0.057898046875,93.78341584291776,0.1983312492895305,1cycle peak=0.4 wd=0.0001,17,onecycle,0.4,0.04,0.0001,True,0.4166666666666667
14,0.4182125434027778,0.4479306640625,85.12,0.51361533203125,82.36,0.06568466796875,100.201951820869,0.1551165169944299,1cycle peak=0.4 wd=0.0001,17,onecycle,0.4,0.04,0.0001,True,0.4166666666666667
15,0.3997506944444444,0.410445703125,85.44,0.47758525390625,83.22,0.06713955078125,105.56481724488548,0.1119017846993293,1cycle peak=0.4 wd=0.0001,17,onecycle,0.4,0.04,0.0001,True,0.4166666666666667
16,0.3671144965277778,0.3093291015625,89.48,0.385966259765625,86.9,0.076637158203125,110.91460959787946,0.0686870524042287,1cycle peak=0.4 wd=0.0001,17,onecycle,0.4,0.04,0.0001,True,0.4166666666666667
17,0.3248082682291666,0.2626162353515625,90.96,0.3560838134765625,88.18,0.093467578125,116.27414129686076,0.0359733749645188,1cycle peak=0.4 wd=0.0001,17,onecycle,0.4,0.04,0.0001,True,0.4166666666666667
18,0.2795582248263888,0.2351356201171875,92.18,0.350842041015625,88.62,0.1157064208984375,121.85168417193928,0.0239955833096792,1cycle peak=0.4 wd=0.0001,17,onecycle,0.4,0.04,0.0001,True,0.4166666666666667
19,0.2428791232638888,0.1796908447265625,93.74,0.3003640625,90.24,0.1206732177734374,129.87223175598774,0.0120177916548396,1cycle peak=0.4 wd=0.0001,17,onecycle,0.4,0.04,0.0001,True,0.4166666666666667
20,0.2139405164930555,0.1638272827148437,94.34,0.2855189453125,90.56,0.1216916625976562,137.48709101893473,3.999999999999837e-05,1cycle peak=0.4 wd=0.0001,17,onecycle,0.4,0.04,0.0001,True,0.4166666666666667
1,1.743614236111111,1.55744345703125,43.78,1.5340513671875,44.48,-0.02339208984375,8.166809645947069,0.099857887257224,1cycle peak=0.4 wd=0.0001 (2-phase),17,onecycle,0.4,0.04,0.0001,False,0.3
2,1.2788194444444445,1.35644248046875,52.6,1.3446521484375,53.26,-0.01179033203125,14.468437257921323,0.1598863098057792,1cycle peak=0.4 wd=0.0001 (2-phase),17,onecycle,0.4,0.04,0.0001,False,0.3
3,1.00301953125,1.16366787109375,59.82,1.1455302734375,61.12,-0.0181375976562501,23.395970344892703,0.2199147323543344,1cycle peak=0.4 wd=0.0001 (2-phase),17,onecycle,0.4,0.04,0.0001,False,0.3
4,0.8349701388888889,0.79146796875,72.16,0.777246630859375,73.16,-0.014221337890625,32.56226536189206,0.2799431549028896,1cycle peak=0.4 wd=0.0001 (2-phase),17,onecycle,0.4,0.04,0.0001,False,0.3
5,0.7260378038194445,0.663830078125,77.32,0.664735009765625,77.36,0.0009049316406251,41.65537006582599,0.3399715774514448,1cycle peak=0.4 wd=0.0001 (2-phase),17,onecycle,0.4,0.04,0.0001,False,0.3
6,0.6683633246527778,0.781987841796875,74.38,0.79592958984375,73.44,0.0139417480468749,50.4033267138293,0.4,1cycle peak=0.4 wd=0.0001 (2-phase),17,onecycle,0.4,0.04,0.0001,False,0.3
7,0.6120975260416667,0.64646044921875,78.0,0.65930126953125,77.38,0.0128408203125,56.944708292838186,0.3714314285714286,1cycle peak=0.4 wd=0.0001 (2-phase),17,onecycle,0.4,0.04,0.0001,False,0.3
8,0.5636255642361111,0.5937275390625,79.24,0.6397685546875,78.72,0.046041015625,62.32548669481184,0.3428628571428571,1cycle peak=0.4 wd=0.0001 (2-phase),17,onecycle,0.4,0.04,0.0001,False,0.3
9,0.5353440972222222,0.619389013671875,79.54,0.6387109375,78.68,0.0193219238281249,67.68089657090604,0.3142942857142857,1cycle peak=0.4 wd=0.0001 (2-phase),17,onecycle,0.4,0.04,0.0001,False,0.3
10,0.5026822048611111,0.44618916015625,84.74,0.464151806640625,83.5,0.017962646484375,74.22640323394444,0.2857257142857143,1cycle peak=0.4 wd=0.0001 (2-phase),17,onecycle,0.4,0.04,0.0001,False,0.3
11,0.4773565538194444,0.8830244140625,74.92,0.913539453125,74.38,0.0305150390624999,80.76750777999405,0.2571571428571428,1cycle peak=0.4 wd=0.0001 (2-phase),17,onecycle,0.4,0.04,0.0001,False,0.3
12,0.4637553385416667,0.457839990234375,84.5,0.51362685546875,82.92,0.0557868652343749,88.97296395699959,0.2285885714285714,1cycle peak=0.4 wd=0.0001 (2-phase),17,onecycle,0.4,0.04,0.0001,False,0.3
13,0.4351665798611111,0.49560908203125,82.66,0.536730078125,80.98,0.0411209960937499,97.45250359701458,0.20002,1cycle peak=0.4 wd=0.0001 (2-phase),17,onecycle,0.4,0.04,0.0001,False,0.3
14,0.4168579861111111,0.424779931640625,85.94,0.48401259765625,84.24,0.0592326660156249,104.48889798403252,0.1714514285714286,1cycle peak=0.4 wd=0.0001 (2-phase),17,onecycle,0.4,0.04,0.0001,False,0.3
15,0.3990447048611111,0.410622412109375,85.8,0.49261982421875,84.12,0.081997412109375,109.87651888397522,0.1428828571428571,1cycle peak=0.4 wd=0.0001 (2-phase),17,onecycle,0.4,0.04,0.0001,False,0.3
16,0.3741452690972222,0.34280078125,88.08,0.426905517578125,85.34,0.0841047363281249,115.23802365991288,0.1143142857142857,1cycle peak=0.4 wd=0.0001 (2-phase),17,onecycle,0.4,0.04,0.0001,False,0.3
17,0.3569185546875,0.3801854736328125,87.58,0.470371826171875,84.22,0.0901863525390624,120.622736605932,0.0857457142857142,1cycle peak=0.4 wd=0.0001 (2-phase),17,onecycle,0.4,0.04,0.0001,False,0.3
18,0.3210652994791667,0.296115087890625,89.74,0.3904283447265625,87.34,0.0943132568359375,126.2750171329826,0.0571771428571428,1cycle peak=0.4 wd=0.0001 (2-phase),17,onecycle,0.4,0.04,0.0001,False,0.3
19,0.2797015625,0.2033169555664062,92.56,0.3132028076171875,89.14,0.1098858520507812,135.07781678496394,0.0286085714285714,1cycle peak=0.4 wd=0.0001 (2-phase),17,onecycle,0.4,0.04,0.0001,False,0.3
20,0.2323506944444444,0.1652901123046875,94.26,0.2878986083984375,89.8,0.12260849609375,144.36593733693007,3.999999999998449e-05,1cycle peak=0.4 wd=0.0001 (2-phase),17,onecycle,0.4,0.04,0.0001,False,0.3
1,1.7431157986111112,1.8006361328125,40.1,1.784665234375,40.42,-0.0159708984374999,8.547772216959856,0.0830919631692622,1cycle peak=0.4 wd=0.0005,17,onecycle,0.4,0.04,0.0005,True,0.4166666666666667
2,1.2725789930555556,1.12255166015625,59.88,1.11046904296875,60.12,-0.0120826171874999,15.185978796915151,0.1263066954643628,1cycle peak=0.4 wd=0.0005,17,onecycle,0.4,0.04,0.0005,True,0.4166666666666667
3,0.98778125,0.9140123046875,68.2,0.897150390625,68.96,-0.0168619140625,21.465453607961535,0.1695214277594634,1cycle peak=0.4 wd=0.0005,17,onecycle,0.4,0.04,0.0005,True,0.4166666666666667
4,0.8474524305555555,0.809139453125,71.7,0.789271337890625,73.28,-0.019868115234375,27.69011997897178,0.212736160054564,1cycle peak=0.4 wd=0.0005,17,onecycle,0.4,0.04,0.0005,True,0.4166666666666667
5,0.7719151909722223,0.681826171875,76.5,0.6914427734375,75.72,0.0096166015624999,33.38694316498004,0.2559508923496646,1cycle peak=0.4 wd=0.0005,17,onecycle,0.4,0.04,0.0005,True,0.4166666666666667
6,0.7311763888888889,0.915286328125,69.32,0.94436708984375,69.06,0.0290807617187499,39.8765314220218,0.2991656246447652,1cycle peak=0.4 wd=0.0005,17,onecycle,0.4,0.04,0.0005,True,0.4166666666666667
7,0.7010707465277778,0.84705810546875,72.08,0.859508203125,71.84,0.0124500976562499,47.06223292008508,0.3423803569398658,1cycle peak=0.4 wd=0.0005,17,onecycle,0.4,0.04,0.0005,True,0.4166666666666667
8,0.6812634982638889,0.84129833984375,70.46,0.8584130859375,71.0,0.0171147460937499,53.160605274140835,0.3855950892349665,1cycle peak=0.4 wd=0.0005,17,onecycle,0.4,0.04,0.0005,True,0.4166666666666667
9,0.6640881944444444,0.77829033203125,73.64,0.77433232421875,73.64,-0.0039580078124999,59.25696663511917,0.3711901784699329,1cycle peak=0.4 wd=0.0005,17,onecycle,0.4,0.04,0.0005,True,0.4166666666666667
10,0.6403184895833334,0.91235380859375,70.5,0.90385830078125,71.18,-0.0084955078125,66.38961221114732,0.3279754461748324,1cycle peak=0.4 wd=0.0005,17,onecycle,0.4,0.04,0.0005,True,0.4166666666666667
11,0.6257199652777777,0.757684423828125,74.74,0.770340380859375,74.82,0.0126559570312499,74.15413537609857,0.2847607138797318,1cycle peak=0.4 wd=0.0005,17,onecycle,0.4,0.04,0.0005,True,0.4166666666666667
12,0.6156382378472223,0.718035302734375,76.18,0.73351298828125,74.44,0.015477685546875,81.68593282508664,0.2415459815846311,1cycle peak=0.4 wd=0.0005,17,onecycle,0.4,0.04,0.0005,True,0.4166666666666667
13,0.5941354600694444,0.60555341796875,79.08,0.585135009765625,79.14,-0.0204184082031249,87.9123596890131,0.1983312492895305,1cycle peak=0.4 wd=0.0005,17,onecycle,0.4,0.04,0.0005,True,0.4166666666666667
14,0.5808827256944444,0.88077587890625,70.78,0.88916806640625,70.76,0.0083921875,94.28300069493709,0.1551165169944299,1cycle peak=0.4 wd=0.0005,17,onecycle,0.4,0.04,0.0005,True,0.4166666666666667
15,0.5515127170138889,0.68473203125,76.78,0.724033935546875,76.3,0.0393019042968749,100.09730754501652,0.1119017846993293,1cycle peak=0.4 wd=0.0005,17,onecycle,0.4,0.04,0.0005,True,0.4166666666666667
16,0.5167674479166666,0.47306884765625,83.9,0.468976318359375,84.06,-0.004092529296875,106.43255578109527,0.0686870524042287,1cycle peak=0.4 wd=0.0005,17,onecycle,0.4,0.04,0.0005,True,0.4166666666666667
17,0.4573623263888889,0.4024557373046875,86.56,0.447114013671875,84.18,0.0446582763671875,113.624866705155,0.0359733749645188,1cycle peak=0.4 wd=0.0005,17,onecycle,0.4,0.04,0.0005,True,0.4166666666666667
18,0.3983514756944444,0.400570654296875,86.7,0.4653423828125,84.6,0.064771728515625,119.84130907221696,0.0239955833096792,1cycle peak=0.4 wd=0.0005,17,onecycle,0.4,0.04,0.0005,True,0.4166666666666667
19,0.3376766059027777,0.255929638671875,91.54,0.318116845703125,89.04,0.0621872070312499,125.74209711514412,0.0120177916548396,1cycle peak=0.4 wd=0.0005,17,onecycle,0.4,0.04,0.0005,True,0.4166666666666667
20,0.2760181206597222,0.2021080078125,93.32,0.2731737548828125,90.44,0.0710657470703124,133.85524416621774,3.999999999999837e-05,1cycle peak=0.4 wd=0.0005,17,onecycle,0.4,0.04,0.0005,True,0.4166666666666667
1,1.8110416666666669,1.653144921875,38.82,1.6256541015625,40.46,-0.0274908203125001,6.67630724189803,0.1661839263385245,1cycle peak=0.8 wd=0.0001,17,onecycle,0.8,0.08,0.0001,True,0.4166666666666667
2,1.393682291666667,1.188259375,57.4,1.1410642578125,59.26,-0.0471951171874998,13.736331697902642,0.2526133909287257,1cycle peak=0.8 wd=0.0001,17,onecycle,0.8,0.08,0.0001,True,0.4166666666666667
3,1.0792516493055555,1.18240361328125,60.02,1.14681611328125,61.02,-0.0355875000000001,19.860906390938908,0.3390428555189269,1cycle peak=0.8 wd=0.0001,17,onecycle,0.8,0.08,0.0001,True,0.4166666666666667
4,0.8931675347222222,0.85669228515625,69.56,0.8523001953125,69.76,-0.0043920898437499,25.813820561976172,0.4254723201091281,1cycle peak=0.8 wd=0.0001,17,onecycle,0.8,0.08,0.0001,True,0.4166666666666667
5,0.7822282986111111,0.78708662109375,73.58,0.80833740234375,73.42,0.0212507812499999,33.75950865494087,0.5119017846993293,1cycle peak=0.8 wd=0.0001,17,onecycle,0.8,0.08,0.0001,True,0.4166666666666667
6,0.7214872395833334,0.79000029296875,72.3,0.7860208984375,72.98,-0.0039793945312499,41.418502156971954,0.5983312492895305,1cycle peak=0.8 wd=0.0001,17,onecycle,0.8,0.08,0.0001,True,0.4166666666666667
7,0.6680747829861111,0.7513052734375,74.5,0.753711376953125,74.38,0.0024061035156249,48.2166777899256,0.6847607138797317,1cycle peak=0.8 wd=0.0001,17,onecycle,0.8,0.08,0.0001,True,0.4166666666666667
8,0.637351171875,0.69935244140625,76.3,0.71367236328125,75.7,0.014319921875,54.47864949784707,0.771190178469933,1cycle peak=0.8 wd=0.0001,17,onecycle,0.8,0.08,0.0001,True,0.4166666666666667
9,0.6137678819444444,0.65632666015625,77.64,0.676171728515625,77.04,0.019845068359375,61.363324668840505,0.7423803569398659,1cycle peak=0.8 wd=0.0001,17,onecycle,0.8,0.08,0.0001,True,0.4166666666666667
10,0.58451015625,1.0427712890625,69.48,1.0838181640625,68.4,0.0410468749999999,69.00316614890471,0.6559508923496647,1cycle peak=0.8 wd=0.0001,17,onecycle,0.8,0.08,0.0001,True,0.4166666666666667
11,0.5540207465277778,0.736204833984375,77.28,0.770110400390625,75.84,0.0339055664062499,76.27168282086495,0.5695214277594636,1cycle peak=0.8 wd=0.0001,17,onecycle,0.8,0.08,0.0001,True,0.4166666666666667
12,0.5361795138888888,0.581194287109375,80.4,0.625017041015625,79.04,0.04382275390625,82.54756508686114,0.4830919631692623,1cycle peak=0.8 wd=0.0001,17,onecycle,0.8,0.08,0.0001,True,0.4166666666666667
13,0.5155419270833334,0.511826416015625,82.52,0.5426724609375,81.2,0.030846044921875,88.53628837689757,0.3966624985790611,1cycle peak=0.8 wd=0.0001,17,onecycle,0.8,0.08,0.0001,True,0.4166666666666667
14,0.4925325954861111,0.497693310546875,82.64,0.527241064453125,81.16,0.02954775390625,94.73626142786816,0.3102330339888599,1cycle peak=0.8 wd=0.0001,17,onecycle,0.8,0.08,0.0001,True,0.4166666666666667
15,0.4733180555555555,0.5119126953125,82.9,0.569566064453125,81.4,0.0576533691406249,100.77036569081248,0.2238035693986587,1cycle peak=0.8 wd=0.0001,17,onecycle,0.8,0.08,0.0001,True,0.4166666666666667
16,0.4356676215277777,0.401789501953125,86.46,0.455424462890625,84.62,0.0536349609374999,106.6658188517904,0.1373741048084574,1cycle peak=0.8 wd=0.0001,17,onecycle,0.8,0.08,0.0001,True,0.4166666666666667
17,0.3842036892361111,0.310362548828125,89.1,0.392742626953125,86.28,0.082380078125,112.22467016580048,0.0719467499290377,1cycle peak=0.8 wd=0.0001,17,onecycle,0.8,0.08,0.0001,True,0.4166666666666667
18,0.3317197916666666,0.3448456298828125,88.26,0.416105322265625,86.3,0.0712596923828125,117.653773513739,0.0479911666193585,1cycle peak=0.8 wd=0.0001,17,onecycle,0.8,0.08,0.0001,True,0.4166666666666667
19,0.290723046875,0.213518408203125,92.78,0.3094676513671875,89.04,0.0959492431640625,123.7818120677257,0.0240355833096792,1cycle peak=0.8 wd=0.0001,17,onecycle,0.8,0.08,0.0001,True,0.4166666666666667
20,0.2448121961805555,0.1880492431640625,93.58,0.297718359375,89.54,0.1096691162109375,130.44002164469566,7.999999999999674e-05,1cycle peak=0.8 wd=0.0001,17,onecycle,0.8,0.08,0.0001,True,0.4166666666666667
1,1.833007986111111,1.7366388671875,35.68,1.7159076171875,37.44,-0.0207312499999998,6.007695926004089,0.1661839263385245,1cycle peak=0.8 wd=0.0005,17,onecycle,0.8,0.08,0.0005,True,0.4166666666666667
2,1.4549116319444444,2.116212109375,31.14,2.0696349609375,32.26,-0.0465771484375001,12.882975778076798,0.2526133909287257,1cycle peak=0.8 wd=0.0005,17,onecycle,0.8,0.08,0.0005,True,0.4166666666666667
3,1.1696088541666667,1.7465482421875,45.0,1.72468671875,48.02,-0.0218615234375001,19.24198947113473,0.3390428555189269,1cycle peak=0.8 wd=0.0005,17,onecycle,0.8,0.08,0.0005,True,0.4166666666666667
4,1.0250288194444444,1.16307734375,59.28,1.130768359375,60.4,-0.0323089843749999,25.986283875070512,0.4254723201091281,1cycle peak=0.8 wd=0.0005,17,onecycle,0.8,0.08,0.0005,True,0.4166666666666667
5,0.9401455729166668,1.09995009765625,64.0,1.07876064453125,64.0,-0.0211894531249998,35.075797040131874,0.5119017846993293,1cycle peak=0.8 wd=0.0005,17,onecycle,0.8,0.08,0.0005,True,0.4166666666666667
6,0.8962785590277778,1.40881904296875,56.54,1.420323046875,56.66,0.0115040039062501,44.29515810718294,0.5983312492895305,1cycle peak=0.8 wd=0.0005,17,onecycle,0.8,0.08,0.0005,True,0.4166666666666667
7,0.85689921875,1.14668994140625,62.62,1.15780078125,61.9,0.01111083984375,54.08169045217801,0.6847607138797317,1cycle peak=0.8 wd=0.0005,17,onecycle,0.8,0.08,0.0005,True,0.4166666666666667
8,0.8374613715277778,1.58738037109375,50.02,1.562521875,52.36,-0.0248584960937499,63.47588246909436,0.771190178469933,1cycle peak=0.8 wd=0.0005,17,onecycle,0.8,0.08,0.0005,True,0.4166666666666667
9,0.8275191840277778,1.2557953125,57.74,1.23198251953125,58.36,-0.0238127929687501,69.29821230610833,0.7423803569398659,1cycle peak=0.8 wd=0.0005,17,onecycle,0.8,0.08,0.0005,True,0.4166666666666667
10,0.8013246527777778,1.71313984375,50.96,1.6979451171875,52.1,-0.0151947265625,75.58314855513163,0.6559508923496647,1cycle peak=0.8 wd=0.0005,17,onecycle,0.8,0.08,0.0005,True,0.4166666666666667
11,0.7895144097222222,1.11377568359375,62.94,1.1190876953125,63.86,0.0053120117187499,82.1822069712216,0.5695214277594636,1cycle peak=0.8 wd=0.0005,17,onecycle,0.8,0.08,0.0005,True,0.4166666666666667
12,0.7722998263888889,0.9407916015625,70.64,0.9354470703125,71.26,-0.00534453125,88.37311989418231,0.4830919631692623,1cycle peak=0.8 wd=0.0005,17,onecycle,0.8,0.08,0.0005,True,0.4166666666666667
13,0.7447230034722222,0.985669921875,68.32,0.987694921875,68.54,0.0020249999999999,95.07734294317196,0.3966624985790611,1cycle peak=0.8 wd=0.0005,17,onecycle,0.8,0.08,0.0005,True,0.4166666666666667
14,0.7389417534722222,1.97945234375,53.98,1.962515234375,54.64,-0.0169371093749999,103.97199768514838,0.3102330339888599,1cycle peak=0.8 wd=0.0005,17,onecycle,0.8,0.08,0.0005,True,0.4166666666666667
15,0.7068569010416667,0.8870244140625,70.66,0.86191533203125,71.6,-0.0251090820312499,112.62297315709291,0.2238035693986587,1cycle peak=0.8 wd=0.0005,17,onecycle,0.8,0.08,0.0005,True,0.4166666666666667
16,0.6691688368055555,0.89923974609375,71.98,0.8827943359375,72.88,-0.01644541015625,121.30503168608992,0.1373741048084574,1cycle peak=0.8 wd=0.0005,17,onecycle,0.8,0.08,0.0005,True,0.4166666666666667
17,0.5981807725694445,0.56097080078125,81.12,0.565493994140625,80.56,0.004523193359375,130.01626080204733,0.0719467499290377,1cycle peak=0.8 wd=0.0005,17,onecycle,0.8,0.08,0.0005,True,0.4166666666666667
18,0.5288340277777778,0.545826806640625,82.08,0.567641015625,81.12,0.021814208984375,137.4537106769858,0.0479911666193585,1cycle peak=0.8 wd=0.0005,17,onecycle,0.8,0.08,0.0005,True,0.4166666666666667
19,0.4565906684027778,0.4000046142578125,86.36,0.429268310546875,85.88,0.0292636962890625,144.02740649005864,0.0240355833096792,1cycle peak=0.8 wd=0.0005,17,onecycle,0.8,0.08,0.0005,True,0.4166666666666667
20,0.3716449652777778,0.2705339599609375,90.92,0.3319438232421875,89.0,0.06140986328125,152.7873085869942,7.999999999999674e-05,1cycle peak=0.8 wd=0.0005,17,onecycle,0.8,0.08,0.0005,True,0.4166666666666667
1,1.7100236111111111,1.446391796875,46.76,1.41721689453125,47.98,-0.0291749023437499,7.392402032040991,0.0993885146457715,cosine lr=0.1 wd=0.0001,17,cosine,,0.1,0.0001,True,0.4166666666666667
2,1.2549059895833334,1.09112919921875,61.0,1.07419287109375,62.44,-0.0169363281249999,13.306091294973156,0.0975621562892966,cosine lr=0.1 wd=0.0001,17,cosine,,0.1,0.0001,True,0.4166666666666667
3,1.01517421875,1.007390625,62.4,0.9952744140625,64.6,-0.0121162109375,19.379381968989037,0.0945658909611731,cosine lr=0.1 wd=0.0001,17,cosine,,0.1,0.0001,True,0.4166666666666667
4,0.8594124131944444,0.8846853515625,68.96,0.8793546875,69.82,-0.0053306640625,25.79370941594243,0.0904734966578137,cosine lr=0.1 wd=0.0001,17,cosine,,0.1,0.0001,True,0.4166666666666667
5,0.7347475694444444,0.679281884765625,75.98,0.693350341796875,76.64,0.01406845703125,32.15723772684578,0.0853857417088451,cosine lr=0.1 wd=0.0001,17,cosine,,0.1,0.0001,True,0.4166666666666667
6,0.6606627170138889,0.83356552734375,73.6,0.8325923828125,72.64,-0.0009731445312499,39.86359620990697,0.0794279035264016,cosine lr=0.1 wd=0.0001,17,cosine,,0.1,0.0001,True,0.4166666666666667
7,0.5921984809027778,0.585816552734375,78.88,0.6098166015625,79.04,0.0240000488281248,48.86288231983781,0.0727466838594662,cosine lr=0.1 wd=0.0001,17,cosine,,0.1,0.0001,True,0.4166666666666667
8,0.5449581163194445,0.526358251953125,82.14,0.569185986328125,80.5,0.0428277343749999,58.0727953708265,0.0655065965099353,cosine lr=0.1 wd=0.0001,17,cosine,,0.1,0.0001,True,0.4166666666666667
9,0.5087732638888889,0.451306982421875,84.72,0.51096181640625,82.2,0.059654833984375,67.73659397091251,0.0578859164568271,cosine lr=0.1 wd=0.0001,17,cosine,,0.1,0.0001,True,0.4166666666666667
10,0.4611103298611111,0.420328662109375,85.74,0.4827212890625,83.96,0.062392626953125,76.8668079979252,0.0500722901346362,cosine lr=0.1 wd=0.0001,17,cosine,,0.1,0.0001,True,0.4166666666666667
11,0.4306189670138889,0.3885232421875,86.4,0.457632958984375,84.4,0.069109716796875,83.78844690695405,0.0422581149553538,cosine lr=0.1 wd=0.0001,17,cosine,,0.1,0.0001,True,0.4166666666666667
12,0.4003609809027778,0.366959423828125,87.3,0.448685205078125,84.74,0.0817257812499999,89.7299126079306,0.0346358018456544,cosine lr=0.1 wd=0.0001,17,cosine,,0.1,0.0001,True,0.4166666666666667
13,0.3735479166666666,0.31764775390625,88.92,0.397376318359375,87.08,0.0797285644531249,96.90179025183896,0.0273930374513058,cosine lr=0.1 wd=0.0001,17,cosine,,0.1,0.0001,True,0.4166666666666667
14,0.346492578125,0.29463837890625,89.6,0.4064353515625,86.38,0.11179697265625,102.89393895375542,0.0207081626690537,cosine lr=0.1 wd=0.0001,17,cosine,,0.1,0.0001,True,0.4166666666666667
15,0.3175992404513889,0.257743017578125,91.16,0.365553857421875,88.04,0.10781083984375,111.36228378373198,0.0147457813018645,cosine lr=0.1 wd=0.0001,17,cosine,,0.1,0.0001,True,0.4166666666666667
16,0.2913727864583333,0.2312142333984375,92.22,0.34625322265625,88.08,0.1150389892578125,120.57638560479973,0.0096527069670077,cosine lr=0.1 wd=0.0001,17,cosine,,0.1,0.0001,True,0.4166666666666667
17,0.277620703125,0.220525,92.6,0.3349911376953125,88.66,0.1144661376953125,129.60443141288124,0.0055543480575522,cosine lr=0.1 wd=0.0001,17,cosine,,0.1,0.0001,True,0.4166666666666667
18,0.2600312717013889,0.2045949096679687,92.92,0.3295487548828125,88.64,0.1249538452148437,138.76441820093896,0.0025516197715221,cosine lr=0.1 wd=0.0001,17,cosine,,0.1,0.0001,True,0.4166666666666667
19,0.2498805121527778,0.20198798828125,93.18,0.325876123046875,89.06,0.123888134765625,147.66188266687095,0.0007184592448033,cosine lr=0.1 wd=0.0001,17,cosine,,0.1,0.0001,True,0.4166666666666667
20,0.2480782986111111,0.2018797485351562,93.02,0.324288427734375,88.8,0.1224086791992187,154.10237174783833,0.0001000049734747,cosine lr=0.1 wd=0.0001,17,cosine,,0.1,0.0001,True,0.4166666666666667
1,1.7422524305555556,1.7627814453125,37.44,1.740969140625,39.66,-0.0218123046874998,8.414856672054157,0.0993885146457715,cosine lr=0.1 wd=0.0005,17,cosine,,0.1,0.0005,True,0.4166666666666667
2,1.2935442708333331,1.1867529296875,58.4,1.16963408203125,58.94,-0.0171188476562498,14.779376270016655,0.0975621562892966,cosine lr=0.1 wd=0.0005,17,cosine,,0.1,0.0005,True,0.4166666666666667
3,1.0149011284722222,1.2101474609375,57.84,1.1769298828125,59.52,-0.0332175781249999,20.776636485010386,0.0945658909611731,cosine lr=0.1 wd=0.0005,17,cosine,,0.1,0.0005,True,0.4166666666666667
4,0.83900390625,0.78819990234375,72.76,0.801752197265625,72.5,0.0135522949218749,26.995329806930386,0.0904734966578137,cosine lr=0.1 wd=0.0005,17,cosine,,0.1,0.0005,True,0.4166666666666667
5,0.7306659722222222,0.68450390625,76.5,0.696238330078125,76.32,0.0117344238281249,33.01904114696663,0.0853857417088451,cosine lr=0.1 wd=0.0005,17,cosine,,0.1,0.0005,True,0.4166666666666667
6,0.6683713107638889,0.739851708984375,75.1,0.780422900390625,74.02,0.0405711914062499,40.03985953098163,0.0794279035264016,cosine lr=0.1 wd=0.0005,17,cosine,,0.1,0.0005,True,0.4166666666666667
7,0.6159950086805556,0.805974072265625,72.98,0.84443349609375,71.78,0.0384594238281249,46.18141692201607,0.0727466838594662,cosine lr=0.1 wd=0.0005,17,cosine,,0.1,0.0005,True,0.4166666666666667
8,0.5732397135416667,0.547510400390625,81.04,0.59516982421875,79.88,0.0476594238281249,52.72372984595131,0.0655065965099353,cosine lr=0.1 wd=0.0005,17,cosine,,0.1,0.0005,True,0.4166666666666667
9,0.5358252604166667,0.571625390625,79.48,0.613287451171875,78.34,0.041662060546875,58.51680685498286,0.0578859164568271,cosine lr=0.1 wd=0.0005,17,cosine,,0.1,0.0005,True,0.4166666666666667
10,0.4954659722222222,0.578967724609375,79.62,0.6412287109375,78.5,0.062260986328125,66.82830642198678,0.0500722901346362,cosine lr=0.1 wd=0.0005,17,cosine,,0.1,0.0005,True,0.4166666666666667
11,0.462548046875,0.450905029296875,84.56,0.504435498046875,83.34,0.05353046875,73.74798824393656,0.0422581149553538,cosine lr=0.1 wd=0.0005,17,cosine,,0.1,0.0005,True,0.4166666666666667
12,0.4258448784722222,0.4092784423828125,86.06,0.48291240234375,83.44,0.0736339599609374,79.84785211295821,0.0346358018456544,cosine lr=0.1 wd=0.0005,17,cosine,,0.1,0.0005,True,0.4166666666666667
13,0.3931321180555555,0.3662257080078125,87.7,0.42615224609375,85.52,0.0599265380859375,85.92557711596601,0.0273930374513058,cosine lr=0.1 wd=0.0005,17,cosine,,0.1,0.0005,True,0.4166666666666667
14,0.3614185980902777,0.2825984375,90.64,0.369233837890625,87.28,0.086635400390625,92.01436025393195,0.0207081626690537,cosine lr=0.1 wd=0.0005,17,cosine,,0.1,0.0005,True,0.4166666666666667
15,0.3283359157986111,0.2519633544921875,91.7,0.358678515625,87.4,0.1067151611328125,98.63585500186308,0.0147457813018645,cosine lr=0.1 wd=0.0005,17,cosine,,0.1,0.0005,True,0.4166666666666667
16,0.2887997395833333,0.227304931640625,92.42,0.3428171875,88.3,0.115512255859375,104.8980693448102,0.0096527069670077,cosine lr=0.1 wd=0.0005,17,cosine,,0.1,0.0005,True,0.4166666666666667
17,0.2648328559027778,0.1887317749023437,93.36,0.3087756103515625,89.7,0.1200438354492187,110.90492122375872,0.0055543480575522,cosine lr=0.1 wd=0.0005,17,cosine,,0.1,0.0005,True,0.4166666666666667
18,0.2373486762152777,0.1690572387695312,94.54,0.299403466796875,90.0,0.1303462280273437,117.02867267583495,0.0025516197715221,cosine lr=0.1 wd=0.0005,17,cosine,,0.1,0.0005,True,0.4166666666666667
19,0.2204299479166666,0.1605429077148437,94.76,0.2978454833984375,89.88,0.1373025756835937,123.29212135379204,0.0007184592448033,cosine lr=0.1 wd=0.0005,17,cosine,,0.1,0.0005,True,0.4166666666666667
20,0.2143637803819444,0.1592722900390625,94.86,0.2962005615234375,90.08,0.136928271484375,129.37385370687116,0.0001000049734747,cosine lr=0.1 wd=0.0005,17,cosine,,0.1,0.0005,True,0.4166666666666667
