method,seed,epochs,test_accuracy,train_seconds
baseline,103,85,99.06,17.79552163799781
baseline_12,103,12,98.61,2.5140058099987073
baseline,17,85,99.1,17.930652149996604
baseline_12,17,12,98.51,2.5890664660018956
baseline,42,85,99.01,17.79731400000128
baseline_12,42,12,98.38,2.512916147998112
low_peak,103,12,98.83,2.5125110990002213
low_peak,17,12,98.85,2.513934745998995
low_peak,42,12,98.84,2.5136714319996827
onecycle,103,12,99.13,2.512424574999386
onecycle,17,12,99.18,2.5135389649976787
onecycle,42,12,99.13,2.5131377589987096
